{
  "__inputs": [
    {
      "name": "DS_PROMETHEUS",
      "label": "Prometheus",
      "description": "",
      "type": "datasource",
      "pluginId": "prometheus",
      "pluginName": "Prometheus"
    }
  ],
  "__elements": [
    {
      "name": "Memory Usage",
      "uid": "9TakkaRVk",
      "kind": 1,
      "model": {
        "datasource": {
          "type": "prometheus",
          "uid": "${DS_PROMETHEUS}"
        },
        "description": "The total amount of memory that the Jenkins JVM is currently using.(Units of measurement: bytes)",
        "fieldConfig": {
          "defaults": {
            "color": {
              "mode": "thresholds"
            },
            "decimals": 0,
            "mappings": [
              {
                "options": {
                  "match": "null",
                  "result": {
                    "text": "N/A"
                  }
                },
                "type": "special"
              }
            ],
            "thresholds": {
              "mode": "absolute",
              "steps": [
                {
                  "color": "#299c46",
                  "value": null
                },
                {
                  "color": "rgba(237, 129, 40, 0.89)",
                  "value": 0
                },
                {
                  "color": "#1F60C4",
                  "value": 0
                }
              ]
            },
            "unit": "decbytes"
          },
          "overrides": []
        },
        "gridPos": {
          "h": 6,
          "w": 5,
          "x": 0,
          "y": 5
        },
        "id": 45,
        "links": [],
        "maxDataPoints": 100,
        "options": {
          "colorMode": "value",
          "graphMode": "area",
          "justifyMode": "auto",
          "orientation": "horizontal",
          "reduceOptions": {
            "calcs": [
              "lastNotNull"
            ],
            "fields": "",
            "values": false
          },
          "textMode": "auto"
        },
        "pluginVersion": "9.0.2",
        "targets": [
          {
            "datasource": {
              "type": "prometheus",
              "uid": "${DS_PROMETHEUS}"
            },
            "expr": "vm_memory_total_used",
            "format": "time_series",
            "intervalFactor": 1,
            "refId": "A"
          }
        ],
        "title": "Memory Usage",
        "type": "stat"
      }
    },
    {
      "name": "CPU Usage",
      "uid": "WNekz-R4k",
      "kind": 1,
      "model": {
        "datasource": {
          "type": "prometheus",
          "uid": "${DS_PROMETHEUS}"
        },
        "description": "The rate of CPU time usage by the JVM per unit time on the Jenkins controller. This is equivalent to the number of CPU cores being used by the Jenkins JVM.",
        "fieldConfig": {
          "defaults": {
            "color": {
              "mode": "thresholds"
            },
            "mappings": [
              {
                "options": {
                  "match": "null",
                  "result": {
                    "text": "N/A"
                  }
                },
                "type": "special"
              }
            ],
            "thresholds": {
              "mode": "absolute",
              "steps": [
                {
                  "color": "#299c46",
                  "value": null
                },
                {
                  "color": "rgba(237, 129, 40, 0.89)",
                  "value": 50
                },
                {
                  "color": "#C4162A",
                  "value": 80
                }
              ]
            },
            "unit": "percent"
          },
          "overrides": []
        },
        "gridPos": {
          "h": 5,
          "w": 5,
          "x": 0,
          "y": 11
        },
        "id": 41,
        "links": [],
        "maxDataPoints": 100,
        "options": {
          "colorMode": "value",
          "graphMode": "area",
          "justifyMode": "auto",
          "orientation": "horizontal",
          "reduceOptions": {
            "calcs": [
              "lastNotNull"
            ],
            "fields": "",
            "values": false
          },
          "textMode": "auto"
        },
        "pluginVersion": "9.0.2",
        "targets": [
          {
            "datasource": {
              "type": "prometheus",
              "uid": "${DS_PROMETHEUS}"
            },
            "expr": "vm_cpu_load",
            "format": "time_series",
            "intervalFactor": 1,
            "refId": "A"
          }
        ],
        "title": "CPU Usage",
        "type": "stat"
      }
    },
    {
      "name": "Jenkins Pipelines1",
      "uid": "qtNe6bg4k",
      "kind": 1,
      "model": {
        "datasource": {
          "type": "prometheus",
          "uid": "${DS_PROMETHEUS}"
        },
        "description": "Number of times the Pipeline was successfully build.",
        "fieldConfig": {
          "defaults": {
            "color": {
              "mode": "thresholds"
            },
            "custom": {
              "align": "center",
              "displayMode": "auto",
              "inspect": false
            },
            "mappings": [],
            "thresholds": {
              "mode": "absolute",
              "steps": [
                {
                  "color": "green"
                }
              ]
            }
          },
          "overrides": [
            {
              "matcher": {
                "id": "byName",
                "options": "repo"
              },
              "properties": [
                {
                  "id": "displayName",
                  "value": "Time"
                },
                {
                  "id": "custom.align"
                }
              ]
            },
            {
              "matcher": {
                "id": "byName",
                "options": "Time"
              },
              "properties": [
                {
                  "id": "unit",
                  "value": "short"
                },
                {
                  "id": "decimals",
                  "value": 2
                },
                {
                  "id": "custom.align"
                }
              ]
            },
            {
              "matcher": {
                "id": "byName",
                "options": "__name__"
              },
              "properties": [
                {
                  "id": "unit",
                  "value": "short"
                },
                {
                  "id": "decimals",
                  "value": 2
                },
                {
                  "id": "custom.align"
                }
              ]
            },
            {
              "matcher": {
                "id": "byName",
                "options": "job"
              },
              "properties": [
                {
                  "id": "unit",
                  "value": "short"
                },
                {
                  "id": "decimals",
                  "value": 2
                },
                {
                  "id": "custom.align"
                }
              ]
            },
            {
              "matcher": {
                "id": "byName",
                "options": "instance"
              },
              "properties": [
                {
                  "id": "unit",
                  "value": "short"
                },
                {
                  "id": "decimals",
                  "value": 2
                },
                {
                  "id": "custom.align"
                }
              ]
            },
            {
              "matcher": {
                "id": "byName",
                "options": "jenkins_job"
              },
              "properties": [
                {
                  "id": "displayName",
                  "value": "Jenkins Pipelines"
                },
                {
                  "id": "unit",
                  "value": "short"
                },
                {
                  "id": "decimals",
                  "value": 2
                },
                {
                  "id": "custom.displayMode",
                  "value": "auto"
                },
                {
                  "id": "custom.align",
                  "value": "center"
                },
                {
                  "id": "thresholds",
                  "value": {
                    "mode": "absolute",
                    "steps": [
                      {
                        "color": "rgba(245, 54, 54, 0.9)"
                      }
                    ]
                  }
                }
              ]
            },
            {
              "matcher": {
                "id": "byName",
                "options": "Value"
              },
              "properties": [
                {
                  "id": "displayName",
                  "value": "Total Builds"
                },
                {
                  "id": "unit",
                  "value": "short"
                },
                {
                  "id": "decimals",
                  "value": 2
                },
                {
                  "id": "custom.align",
                  "value": "center"
                }
              ]
            },
            {
              "matcher": {
                "id": "byName",
                "options": "Jenkins Pipelines"
              },
              "properties": [
                {
                  "id": "custom.width",
                  "value": 655
                }
              ]
            }
          ]
        },
        "gridPos": {
          "h": 9,
          "w": 20,
          "x": 4,
          "y": 27
        },
        "id": 43,
        "interval": "1s",
        "links": [],
        "options": {
          "footer": {
            "fields": "",
            "reducer": [
              "sum"
            ],
            "show": false
          },
          "showHeader": true,
          "sortBy": []
        },
        "pluginVersion": "9.0.2",
        "targets": [
          {
            "datasource": {
              "type": "prometheus",
              "uid": "${DS_PROMETHEUS}"
            },
            "expr": "default_jenkins_builds_success_build_count",
            "format": "table",
            "instant": true,
            "interval": "",
            "intervalFactor": 1,
            "legendFormat": "",
            "refId": "A"
          }
        ],
        "title": "Jenkins Pipelines",
        "transformations": [
          {
            "id": "organize",
            "options": {
              "excludeByName": {
                "Time": true,
                "__name__": true,
                "instance": true,
                "job": true,
                "repo": true
              },
              "indexByName": {},
              "renameByName": {}
            }
          }
        ],
        "type": "table"
      }
    },
    {
      "name": "Jobs Buildingc",
      "uid": "oWvMKARVz",
      "kind": 1,
      "model": {
        "datasource": {
          "type": "prometheus",
          "uid": "${DS_PROMETHEUS}"
        },
        "description": "The number of jobs that are in the Jenkins build queue and currently in the buildable state.",
        "fieldConfig": {
          "defaults": {
            "color": {
              "mode": "thresholds"
            },
            "mappings": [],
            "thresholds": {
              "mode": "absolute",
              "steps": [
                {
                  "color": "green"
                },
                {
                  "color": "red",
                  "value": 80
                }
              ]
            },
            "unit": "none"
          },
          "overrides": []
        },
        "gridPos": {
          "h": 4,
          "w": 4,
          "x": 0,
          "y": 32
        },
        "id": 31,
        "options": {
          "orientation": "auto",
          "reduceOptions": {
            "calcs": [
              "lastNotNull"
            ],
            "fields": "",
            "values": false
          },
          "showThresholdLabels": false,
          "showThresholdMarkers": true
        },
        "pluginVersion": "9.0.2",
        "targets": [
          {
            "datasource": {
              "type": "prometheus",
              "uid": "${DS_PROMETHEUS}"
            },
            "editorMode": "code",
            "expr": "jenkins_queue_buildable_value",
            "range": true,
            "refId": "A"
          }
        ],
        "title": "Jobs Building",
        "type": "gauge"
      }
    }
  ],
  "__requires": [
    {
      "type": "panel",
      "id": "gauge",
      "name": "Gauge",
      "version": ""
    },
    {
      "type": "grafana",
      "id": "grafana",
      "name": "Grafana",
      "version": "9.0.2"
    },
    {
      "type": "panel",
      "id": "graph",
      "name": "Graph (old)",
      "version": ""
    },
    {
      "type": "datasource",
      "id": "prometheus",
      "name": "Prometheus",
      "version": "1.0.0"
    },
    {
      "type": "panel",
      "id": "stat",
      "name": "Stat",
      "version": ""
    },
    {
      "type": "panel",
      "id": "table",
      "name": "Table",
      "version": ""
    },
    {
      "type": "panel",
      "id": "timeseries",
      "name": "Time series",
      "version": ""
    }
  ],
  "annotations": {
    "list": [
      {
        "builtIn": 1,
        "datasource": {
          "type": "datasource",
          "uid": "grafana"
        },
        "enable": true,
        "hide": true,
        "iconColor": "rgba(0, 211, 255, 1)",
        "name": "Annotations & Alerts",
        "target": {
          "limit": 100,
          "matchAny": false,
          "tags": [],
          "type": "dashboard"
        },
        "type": "dashboard"
      }
    ]
  },
  "description": "Jobs queue speeds and rates, Executors availability, Nodes status, Jenkins and JVM resource usage.",
  "editable": true,
  "fiscalYearStartMonth": 0,
  "gnetId": 9524,
  "graphTooltip": 0,
  "id": null,
  "iteration": 1661068574950,
  "links": [],
  "liveNow": false,
  "panels": [
    {
      "datasource": {
        "type": "prometheus",
        "uid": "${DS_PROMETHEUS}"
      },
      "description": "Total number of Jobs in the Cluster.\nSuccessful Jobs\t",
      "fieldConfig": {
        "defaults": {
          "color": {
            "mode": "thresholds"
          },
          "mappings": [],
          "thresholds": {
            "mode": "percentage",
            "steps": [
              {
                "color": "green",
                "value": null
              }
            ]
          }
        },
        "overrides": []
      },
      "gridPos": {
        "h": 5,
        "w": 5,
        "x": 0,
        "y": 0
      },
      "id": 15,
      "options": {
        "colorMode": "value",
        "graphMode": "area",
        "justifyMode": "auto",
        "orientation": "auto",
        "reduceOptions": {
          "calcs": [
            "lastNotNull"
          ],
          "fields": "",
          "values": false
        },
        "textMode": "auto"
      },
      "pluginVersion": "9.0.2",
      "targets": [
        {
          "datasource": {
            "type": "prometheus",
            "uid": "${DS_PROMETHEUS}"
          },
          "editorMode": "code",
          "expr": "jenkins_runs_total_total",
          "legendFormat": "{{job}}",
          "range": true,
          "refId": "A"
        }
      ],
      "title": "Total Jobs",
      "type": "stat"
    },
    {
      "datasource": {
        "type": "prometheus",
        "uid": "${DS_PROMETHEUS}"
      },
      "description": "Total number of Jobs which are successful.",
      "fieldConfig": {
        "defaults": {
          "color": {
            "mode": "thresholds"
          },
          "mappings": [],
          "thresholds": {
            "mode": "percentage",
            "steps": [
              {
                "color": "green",
                "value": null
              }
            ]
          }
        },
        "overrides": []
      },
      "gridPos": {
        "h": 5,
        "w": 5,
        "x": 5,
        "y": 0
      },
      "id": 17,
      "options": {
        "colorMode": "value",
        "graphMode": "area",
        "justifyMode": "auto",
        "orientation": "auto",
        "reduceOptions": {
          "calcs": [
            "lastNotNull"
          ],
          "fields": "",
          "values": false
        },
        "textMode": "auto"
      },
      "pluginVersion": "9.0.2",
      "targets": [
        {
          "datasource": {
            "type": "prometheus",
            "uid": "${DS_PROMETHEUS}"
          },
          "editorMode": "code",
          "expr": "jenkins_runs_success_total",
          "interval": "",
          "legendFormat": "",
          "range": true,
          "refId": "A"
        }
      ],
      "title": "Successful Jobs",
      "type": "stat"
    },
    {
      "datasource": {
        "type": "prometheus",
        "uid": "${DS_PROMETHEUS}"
      },
      "description": "Total number of Jobs which got failed.",
      "fieldConfig": {
        "defaults": {
          "color": {
            "mode": "thresholds"
          },
          "mappings": [],
          "thresholds": {
            "mode": "absolute",
            "steps": [
              {
                "color": "green",
                "value": null
              },
              {
                "color": "dark-green",
                "value": 0
              },
              {
                "color": "red",
                "value": 1
              }
            ]
          }
        },
        "overrides": []
      },
      "gridPos": {
        "h": 5,
        "w": 5,
        "x": 10,
        "y": 0
      },
      "id": 19,
      "options": {
        "colorMode": "value",
        "graphMode": "area",
        "justifyMode": "auto",
        "orientation": "auto",
        "reduceOptions": {
          "calcs": [
            "lastNotNull"
          ],
          "fields": "",
          "values": false
        },
        "textMode": "auto"
      },
      "pluginVersion": "9.0.2",
      "targets": [
        {
          "datasource": {
            "type": "prometheus",
            "uid": "${DS_PROMETHEUS}"
          },
          "editorMode": "builder",
          "expr": "jenkins_runs_failure_total{job=\"jenkins\"}",
          "legendFormat": "",
          "range": true,
          "refId": "A"
        }
      ],
      "title": "Failed Jobs",
      "type": "stat"
    },
    {
      "datasource": {
        "type": "prometheus",
        "uid": "${DS_PROMETHEUS}"
      },
      "description": "Total number of Jobs which got aborted.",
      "fieldConfig": {
        "defaults": {
          "color": {
            "mode": "thresholds"
          },
          "mappings": [],
          "thresholds": {
            "mode": "absolute",
            "steps": [
              {
                "color": "green",
                "value": null
              },
              {
                "color": "red",
                "value": 80
              }
            ]
          }
        },
        "overrides": []
      },
      "gridPos": {
        "h": 5,
        "w": 5,
        "x": 15,
        "y": 0
      },
      "id": 21,
      "options": {
        "colorMode": "value",
        "graphMode": "area",
        "justifyMode": "auto",
        "orientation": "auto",
        "reduceOptions": {
          "calcs": [
            "lastNotNull"
          ],
          "fields": "",
          "values": false
        },
        "textMode": "auto"
      },
      "pluginVersion": "9.0.2",
      "targets": [
        {
          "datasource": {
            "type": "prometheus",
            "uid": "${DS_PROMETHEUS}"
          },
          "editorMode": "builder",
          "expr": "jenkins_runs_aborted_total{job=\"jenkins\"}",
          "interval": "",
          "legendFormat": "",
          "range": true,
          "refId": "A"
        }
      ],
      "title": "Aborted Jobs",
      "type": "stat"
    },
    {
      "datasource": {
        "type": "prometheus",
        "uid": "${DS_PROMETHEUS}"
      },
      "description": "The count of HTTP request which the Jenkins Web UI is receiving.",
      "fieldConfig": {
        "defaults": {
          "color": {
            "mode": "thresholds"
          },
          "mappings": [],
          "thresholds": {
            "mode": "absolute",
            "steps": [
              {
                "color": "green",
                "value": null
              }
            ]
          }
        },
        "overrides": []
      },
      "gridPos": {
        "h": 5,
        "w": 4,
        "x": 20,
        "y": 0
      },
      "id": 23,
      "options": {
        "orientation": "auto",
        "reduceOptions": {
          "calcs": [
            "lastNotNull"
          ],
          "fields": "",
          "values": false
        },
        "showThresholdLabels": false,
        "showThresholdMarkers": true
      },
      "pluginVersion": "9.0.2",
      "targets": [
        {
          "datasource": {
            "type": "prometheus",
            "uid": "${DS_PROMETHEUS}"
          },
          "editorMode": "code",
          "expr": "http_requests_count",
          "legendFormat": "",
          "range": true,
          "refId": "A"
        }
      ],
      "title": "HTTP Request Count",
      "type": "gauge"
    },
    {
      "datasource": {
        "type": "prometheus",
        "uid": "${DS_PROMETHEUS}"
      },
      "description": "The total amount of memory that the Jenkins JVM is currently using.(Units of measurement: bytes)",
      "fieldConfig": {
        "defaults": {
          "color": {
            "mode": "thresholds"
          },
          "decimals": 0,
          "mappings": [
            {
              "options": {
                "match": "null",
                "result": {
                  "text": "N/A"
                }
              },
              "type": "special"
            }
          ],
          "thresholds": {
            "mode": "absolute",
            "steps": [
              {
                "color": "#299c46",
                "value": null
              },
              {
                "color": "rgba(237, 129, 40, 0.89)",
                "value": 0
              },
              {
                "color": "#1F60C4",
                "value": 0
              }
            ]
          },
          "unit": "decbytes"
        },
        "overrides": []
      },
      "gridPos": {
        "h": 6,
        "w": 5,
        "x": 0,
        "y": 5
      },
      "id": 45,
      "libraryPanel": {
        "description": "The total amount of memory that the Jenkins JVM is currently using.(Units of measurement: bytes)",
        "meta": {
          "connectedDashboards": 1,
          "created": "2022-07-21T11:37:45Z",
          "createdBy": {
            "avatarUrl": "/avatar/46d229b033af06a191ff2267bca9ae56",
            "id": 1,
            "name": "admin"
          },
          "folderName": "General",
          "folderUid": "",
          "updated": "2022-07-23T09:47:23Z",
          "updatedBy": {
            "avatarUrl": "/avatar/46d229b033af06a191ff2267bca9ae56",
            "id": 1,
            "name": "admin"
          }
        },
        "name": "Memory Usage",
        "type": "stat",
        "uid": "9TakkaRVk",
        "version": 2
      },
      "links": [],
      "maxDataPoints": 100,
      "options": {
        "colorMode": "value",
        "graphMode": "area",
        "justifyMode": "auto",
        "orientation": "horizontal",
        "reduceOptions": {
          "calcs": [
            "lastNotNull"
          ],
          "fields": "",
          "values": false
        },
        "textMode": "auto"
      },
      "pluginVersion": "9.0.2",
      "targets": [
        {
          "datasource": {
            "type": "prometheus",
            "uid": "${DS_PROMETHEUS}"
          },
          "expr": "vm_memory_total_used",
          "format": "time_series",
          "intervalFactor": 1,
          "refId": "A"
        }
      ],
      "title": "Memory Usage",
      "type": "stat"
    },
    {
      "datasource": {
        "type": "prometheus",
        "uid": "${DS_PROMETHEUS}"
      },
      "description": "Line graph of Successful, failed and aborted Jobs.",
      "fieldConfig": {
        "defaults": {
          "color": {
            "mode": "palette-classic"
          },
          "custom": {
            "axisLabel": "",
            "axisPlacement": "auto",
            "barAlignment": 0,
            "drawStyle": "line",
            "fillOpacity": 0,
            "gradientMode": "none",
            "hideFrom": {
              "legend": false,
              "tooltip": false,
              "viz": false
            },
            "lineInterpolation": "linear",
            "lineStyle": {
              "fill": "solid"
            },
            "lineWidth": 3,
            "pointSize": 7,
            "scaleDistribution": {
              "type": "linear"
            },
            "showPoints": "auto",
            "spanNulls": true,
            "stacking": {
              "group": "A",
              "mode": "none"
            },
            "thresholdsStyle": {
              "mode": "off"
            }
          },
          "mappings": [
            {
              "options": {
                "jenkins_runs_success_total{instance=\"internal-ad0bdc4d2380c4979bad13874dd5ad68-1805936817.us-east-1.elb.amazonaws.com:80\", job=\"jenkins\"}": {
                  "color": "dark-blue",
                  "index": 0,
                  "text": "Success"
                }
              },
              "type": "value"
            }
          ],
          "thresholds": {
            "mode": "percentage",
            "steps": [
              {
                "color": "green",
                "value": null
              }
            ]
          }
        },
        "overrides": [
          {
            "matcher": {
              "id": "byName",
              "options": "jenkins_runs_success_total{instance=\"internal-ad0bdc4d2380c4979bad13874dd5ad68-1805936817.us-east-1.elb.amazonaws.com:80\", job=\"jenkins\"}"
            },
            "properties": [
              {
                "id": "color",
                "value": {
                  "fixedColor": "dark-green",
                  "mode": "fixed"
                }
              }
            ]
          },
          {
            "matcher": {
              "id": "byName",
              "options": "jenkins_runs_failure_total{instance=\"internal-ad0bdc4d2380c4979bad13874dd5ad68-1805936817.us-east-1.elb.amazonaws.com:80\", job=\"jenkins\"}"
            },
            "properties": [
              {
                "id": "color",
                "value": {
                  "fixedColor": "dark-red",
                  "mode": "fixed"
                }
              }
            ]
          },
          {
            "matcher": {
              "id": "byName",
              "options": "jenkins_runs_aborted_total{instance=\"internal-ad0bdc4d2380c4979bad13874dd5ad68-1805936817.us-east-1.elb.amazonaws.com:80\", job=\"jenkins\"}"
            },
            "properties": [
              {
                "id": "color",
                "value": {
                  "fixedColor": "dark-orange",
                  "mode": "fixed"
                }
              }
            ]
          },
          {
            "matcher": {
              "id": "byName",
              "options": "Successful"
            },
            "properties": [
              {
                "id": "color",
                "value": {
                  "fixedColor": "dark-green",
                  "mode": "fixed"
                }
              }
            ]
          },
          {
            "matcher": {
              "id": "byName",
              "options": "Failed"
            },
            "properties": [
              {
                "id": "color",
                "value": {
                  "fixedColor": "dark-red",
                  "mode": "fixed"
                }
              }
            ]
          },
          {
            "matcher": {
              "id": "byName",
              "options": "Aborted"
            },
            "properties": [
              {
                "id": "color",
                "value": {
                  "fixedColor": "dark-orange",
                  "mode": "fixed"
                }
              }
            ]
          }
        ]
      },
      "gridPos": {
        "h": 7,
        "w": 15,
        "x": 5,
        "y": 5
      },
      "id": 46,
      "options": {
        "legend": {
          "calcs": [],
          "displayMode": "list",
          "placement": "bottom"
        },
        "tooltip": {
          "mode": "single",
          "sort": "none"
        }
      },
      "pluginVersion": "9.0.2",
      "targets": [
        {
          "datasource": {
            "type": "prometheus",
            "uid": "${DS_PROMETHEUS}"
          },
          "editorMode": "code",
          "exemplar": false,
          "expr": "jenkins_runs_success_total ",
          "interval": "",
          "legendFormat": "",
          "range": true,
          "refId": "Success"
        },
        {
          "datasource": {
            "type": "prometheus",
            "uid": "${DS_PROMETHEUS}"
          },
          "editorMode": "explain",
          "expr": "jenkins_runs_failure_total",
          "hide": false,
          "range": true,
          "refId": "Failed"
        },
        {
          "datasource": {
            "type": "prometheus",
            "uid": "${DS_PROMETHEUS}"
          },
          "editorMode": "code",
          "expr": "jenkins_runs_aborted_total",
          "hide": false,
          "range": true,
          "refId": "Aborted"
        }
      ],
      "title": "Jobs",
      "transformations": [
        {
          "id": "renameByRegex",
          "options": {
            "regex": "jenkins_runs_success_total{instance=\"internal-ad0bdc4d2380c4979bad13874dd5ad68-1805936817.us-east-1.elb.amazonaws.com:80\", job=\"jenkins\"}",
            "renamePattern": "Successful"
          }
        },
        {
          "id": "renameByRegex",
          "options": {
            "regex": "jenkins_runs_failure_total{instance=\"internal-ad0bdc4d2380c4979bad13874dd5ad68-1805936817.us-east-1.elb.amazonaws.com:80\", job=\"jenkins\"}",
            "renamePattern": "Failed"
          }
        },
        {
          "id": "renameByRegex",
          "options": {
            "regex": "jenkins_runs_aborted_total{instance=\"internal-ad0bdc4d2380c4979bad13874dd5ad68-1805936817.us-east-1.elb.amazonaws.com:80\", job=\"jenkins\"}",
            "renamePattern": "Aborted"
          }
        }
      ],
      "type": "timeseries"
    },
    {
      "datasource": {
        "uid": "$datasource"
      },
      "description": "Job Queue Duration rate",
      "fieldConfig": {
        "defaults": {
          "color": {
            "fixedColor": "rgb(31, 193, 185)",
            "mode": "fixed"
          },
          "mappings": [
            {
              "options": {
                "match": "null",
                "result": {
                  "text": "N/A"
                }
              },
              "type": "special"
            }
          ],
          "thresholds": {
            "mode": "absolute",
            "steps": [
              {
                "color": "green",
                "value": null
              },
              {
                "color": "red",
                "value": 80
              }
            ]
          },
          "unit": "none"
        },
        "overrides": []
      },
      "gridPos": {
        "h": 7,
        "w": 4,
        "x": 20,
        "y": 5
      },
      "id": 13,
      "links": [],
      "maxDataPoints": 100,
      "options": {
        "colorMode": "none",
        "graphMode": "area",
        "justifyMode": "auto",
        "orientation": "horizontal",
        "reduceOptions": {
          "calcs": [
            "lastNotNull"
          ],
          "fields": "",
          "values": false
        },
        "textMode": "auto"
      },
      "pluginVersion": "9.0.2",
      "targets": [
        {
          "datasource": {
            "uid": "$datasource"
          },
          "expr": "rate(jenkins_job_queuing_duration_count[1m])",
          "refId": "A"
        }
      ],
      "title": "Queued rate",
      "type": "stat"
    },
    {
      "datasource": {
        "type": "prometheus",
        "uid": "${DS_PROMETHEUS}"
      },
      "description": "The rate of CPU time usage by the JVM per unit time on the Jenkins controller. This is equivalent to the number of CPU cores being used by the Jenkins JVM.",
      "fieldConfig": {
        "defaults": {
          "color": {
            "mode": "thresholds"
          },
          "mappings": [
            {
              "options": {
                "match": "null",
                "result": {
                  "text": "N/A"
                }
              },
              "type": "special"
            }
          ],
          "thresholds": {
            "mode": "absolute",
            "steps": [
              {
                "color": "#299c46",
                "value": null
              },
              {
                "color": "rgba(237, 129, 40, 0.89)",
                "value": 50
              },
              {
                "color": "#C4162A",
                "value": 80
              }
            ]
          },
          "unit": "percent"
        },
        "overrides": []
      },
      "gridPos": {
        "h": 5,
        "w": 5,
        "x": 0,
        "y": 11
      },
      "id": 41,
      "libraryPanel": {
        "description": "The rate of CPU time usage by the JVM per unit time on the Jenkins controller. This is equivalent to the number of CPU cores being used by the Jenkins JVM.",
        "meta": {
          "connectedDashboards": 1,
          "created": "2022-07-21T11:37:57Z",
          "createdBy": {
            "avatarUrl": "/avatar/46d229b033af06a191ff2267bca9ae56",
            "id": 1,
            "name": "admin"
          },
          "folderName": "General",
          "folderUid": "",
          "updated": "2022-07-23T09:50:52Z",
          "updatedBy": {
            "avatarUrl": "/avatar/46d229b033af06a191ff2267bca9ae56",
            "id": 1,
            "name": "admin"
          }
        },
        "name": "CPU Usage",
        "type": "stat",
        "uid": "WNekz-R4k",
        "version": 2
      },
      "links": [],
      "maxDataPoints": 100,
      "options": {
        "colorMode": "value",
        "graphMode": "area",
        "justifyMode": "auto",
        "orientation": "horizontal",
        "reduceOptions": {
          "calcs": [
            "lastNotNull"
          ],
          "fields": "",
          "values": false
        },
        "textMode": "auto"
      },
      "pluginVersion": "9.0.2",
      "targets": [
        {
          "datasource": {
            "type": "prometheus",
            "uid": "${DS_PROMETHEUS}"
          },
          "expr": "vm_cpu_load",
          "format": "time_series",
          "intervalFactor": 1,
          "refId": "A"
        }
      ],
      "title": "CPU Usage",
      "type": "stat"
    },
    {
      "aliasColors": {},
      "bars": false,
      "dashLength": 10,
      "dashes": false,
      "datasource": {
        "type": "prometheus",
        "uid": "$datasource"
      },
      "description": "The rate at which jobs are queued and the total time they spend in the build queue.",
      "editable": true,
      "error": false,
      "fill": 1,
      "fillGradient": 0,
      "grid": {},
      "gridPos": {
        "h": 6,
        "w": 15,
        "x": 5,
        "y": 12
      },
      "hiddenSeries": false,
      "id": 4,
      "isNew": true,
      "legend": {
        "avg": false,
        "current": false,
        "max": false,
        "min": false,
        "show": true,
        "total": false,
        "values": false
      },
      "lines": true,
      "linewidth": 2,
      "links": [],
      "nullPointMode": "connected",
      "options": {
        "alertThreshold": true
      },
      "percentage": false,
      "pluginVersion": "9.0.2",
      "pointradius": 5,
      "points": false,
      "renderer": "flot",
      "seriesOverrides": [],
      "spaceLength": 10,
      "stack": false,
      "steppedLine": false,
      "targets": [
        {
          "datasource": {
            "uid": "$datasource"
          },
          "expr": "jenkins_job_queuing_duration",
          "refId": "A"
        }
      ],
      "thresholds": [],
      "timeRegions": [],
      "title": "Job queue duration",
      "tooltip": {
        "msResolution": false,
        "shared": true,
        "sort": 0,
        "value_type": "cumulative"
      },
      "type": "graph",
      "xaxis": {
        "mode": "time",
        "show": true,
        "values": []
      },
      "yaxes": [
        {
          "format": "short",
          "logBase": 1,
          "show": true
        },
        {
          "format": "short",
          "logBase": 1,
          "show": true
        }
      ],
      "yaxis": {
        "align": false
      }
    },
    {
      "datasource": {
        "uid": "$datasource"
      },
      "description": "The number of jobs that are in the Jenkins build queue.",
      "fieldConfig": {
        "defaults": {
          "color": {
            "fixedColor": "rgb(193, 31, 31)",
            "mode": "fixed"
          },
          "decimals": 1,
          "mappings": [
            {
              "options": {
                "match": "null",
                "result": {
                  "text": "N/A"
                }
              },
              "type": "special"
            }
          ],
          "thresholds": {
            "mode": "absolute",
            "steps": [
              {
                "color": "rgba(245, 54, 54, 0.9)",
                "value": null
              },
              {
                "color": "rgba(237, 129, 40, 0.89)",
                "value": 0
              },
              {
                "color": "rgba(50, 172, 45, 0.97)",
                "value": 0
              }
            ]
          },
          "unit": "none"
        },
        "overrides": []
      },
      "gridPos": {
        "h": 4,
        "w": 4,
        "x": 20,
        "y": 12
      },
      "id": 11,
      "links": [],
      "maxDataPoints": 100,
      "options": {
        "colorMode": "none",
        "graphMode": "area",
        "justifyMode": "auto",
        "orientation": "horizontal",
        "reduceOptions": {
          "calcs": [
            "lastNotNull"
          ],
          "fields": "",
          "values": false
        },
        "textMode": "auto"
      },
      "pluginVersion": "9.0.2",
      "targets": [
        {
          "datasource": {
            "uid": "$datasource"
          },
          "expr": "jenkins_queue_size_value",
          "refId": "A",
          "textEditor": false
        }
      ],
      "title": "Jenkins queue size",
      "type": "stat"
    },
    {
      "datasource": {
        "uid": "$datasource"
      },
      "description": "The ratio of health checks reporting success to the total number of health checks.",
      "fieldConfig": {
        "defaults": {
          "color": {
            "mode": "thresholds"
          },
          "mappings": [
            {
              "options": {
                "*": {
                  "text": "Check :/"
                },
                "1.0": {
                  "text": "Good!"
                }
              },
              "type": "value"
            }
          ],
          "max": 1,
          "min": 0,
          "thresholds": {
            "mode": "absolute",
            "steps": [
              {
                "color": "dark-green"
              },
              {
                "color": "dark-red",
                "value": 0
              },
              {
                "color": "rgba(237, 129, 40, 0.89)",
                "value": 0.5
              },
              {
                "color": "dark-green",
                "value": 1
              }
            ]
          },
          "unit": "none"
        },
        "overrides": []
      },
      "gridPos": {
        "h": 4,
        "w": 5,
        "x": 0,
        "y": 16
      },
      "id": 8,
      "links": [],
      "maxDataPoints": 100,
      "options": {
        "orientation": "horizontal",
        "reduceOptions": {
          "calcs": [
            "lastNotNull"
          ],
          "fields": "",
          "values": false
        },
        "showThresholdLabels": false,
        "showThresholdMarkers": true
      },
      "pluginVersion": "9.0.2",
      "targets": [
        {
          "datasource": {
            "uid": "$datasource"
          },
          "expr": "jenkins_health_check_score",
          "refId": "A",
          "textEditor": false
        }
      ],
      "title": "Jenkins health",
      "type": "gauge"
    },
    {
      "datasource": {
        "uid": "$datasource"
      },
      "description": "The number of executors available to Jenkins that are currently in use.",
      "fieldConfig": {
        "defaults": {
          "color": {
            "fixedColor": "rgb(193, 185, 31)",
            "mode": "fixed"
          },
          "mappings": [
            {
              "options": {
                "match": "null",
                "result": {
                  "text": "N/A"
                }
              },
              "type": "special"
            }
          ],
          "thresholds": {
            "mode": "absolute",
            "steps": [
              {
                "color": "green"
              },
              {
                "color": "red",
                "value": 80
              }
            ]
          },
          "unit": "none"
        },
        "overrides": []
      },
      "gridPos": {
        "h": 4,
        "w": 4,
        "x": 20,
        "y": 16
      },
      "id": 3,
      "links": [],
      "maxDataPoints": 100,
      "options": {
        "colorMode": "none",
        "graphMode": "area",
        "justifyMode": "auto",
        "orientation": "horizontal",
        "reduceOptions": {
          "calcs": [
            "lastNotNull"
          ],
          "fields": "",
          "values": false
        },
        "textMode": "auto"
      },
      "pluginVersion": "9.0.2",
      "targets": [
        {
          "datasource": {
            "uid": "$datasource"
          },
          "expr": "jenkins_executor_in_use_value",
          "refId": "A"
        }
      ],
      "title": "Executor In-use",
      "type": "stat"
    },
    {
      "datasource": {
        "type": "prometheus",
        "uid": "${DS_PROMETHEUS}"
      },
      "description": "The number of plugins in the Jenkins instance that have an newer version reported as available in the current Jenkins update center metadata held by Jenkins.",
      "fieldConfig": {
        "defaults": {
          "color": {
            "fixedColor": "yellow",
            "mode": "fixed"
          },
          "mappings": [],
          "thresholds": {
            "mode": "absolute",
            "steps": [
              {
                "color": "green"
              }
            ]
          }
        },
        "overrides": []
      },
      "gridPos": {
        "h": 5,
        "w": 5,
        "x": 5,
        "y": 18
      },
      "id": 35,
      "options": {
        "colorMode": "value",
        "graphMode": "area",
        "justifyMode": "auto",
        "orientation": "auto",
        "reduceOptions": {
          "calcs": [
            "lastNotNull"
          ],
          "fields": "",
          "values": false
        },
        "textMode": "auto"
      },
      "pluginVersion": "9.0.2",
      "targets": [
        {
          "datasource": {
            "type": "prometheus",
            "uid": "${DS_PROMETHEUS}"
          },
          "expr": "jenkins_plugins_withUpdate",
          "refId": "A"
        }
      ],
      "title": "Plugins with Available Update",
      "type": "stat"
    },
    {
      "datasource": {
        "type": "prometheus",
        "uid": "${DS_PROMETHEUS}"
      },
      "description": "The number of plugins in the Jenkins instance that failed to start.",
      "fieldConfig": {
        "defaults": {
          "color": {
            "mode": "thresholds"
          },
          "mappings": [],
          "thresholds": {
            "mode": "absolute",
            "steps": [
              {
                "color": "dark-red"
              }
            ]
          }
        },
        "overrides": []
      },
      "gridPos": {
        "h": 5,
        "w": 5,
        "x": 10,
        "y": 18
      },
      "id": 37,
      "options": {
        "colorMode": "value",
        "graphMode": "area",
        "justifyMode": "auto",
        "orientation": "auto",
        "reduceOptions": {
          "calcs": [
            "lastNotNull"
          ],
          "fields": "",
          "values": false
        },
        "textMode": "auto"
      },
      "pluginVersion": "9.0.2",
      "targets": [
        {
          "datasource": {
            "type": "prometheus",
            "uid": "${DS_PROMETHEUS}"
          },
          "expr": "jenkins_plugins_failed",
          "refId": "A"
        }
      ],
      "title": "Failed Plugins",
      "type": "stat"
    },
    {
      "datasource": {
        "type": "prometheus",
        "uid": "${DS_PROMETHEUS}"
      },
      "description": "The number of plugins in the Jenkins instance that are not currently enabled.",
      "fieldConfig": {
        "defaults": {
          "color": {
            "mode": "thresholds"
          },
          "mappings": [],
          "thresholds": {
            "mode": "absolute",
            "steps": [
              {
                "color": "dark-orange"
              }
            ]
          }
        },
        "overrides": []
      },
      "gridPos": {
        "h": 5,
        "w": 5,
        "x": 15,
        "y": 18
      },
      "id": 39,
      "options": {
        "colorMode": "value",
        "graphMode": "area",
        "justifyMode": "auto",
        "orientation": "auto",
        "reduceOptions": {
          "calcs": [
            "lastNotNull"
          ],
          "fields": "",
          "values": false
        },
        "textMode": "auto"
      },
      "pluginVersion": "9.0.2",
      "targets": [
        {
          "datasource": {
            "type": "prometheus",
            "uid": "${DS_PROMETHEUS}"
          },
          "expr": "jenkins_plugins_inactive",
          "refId": "A"
        }
      ],
      "title": "Inactive Plugins",
      "type": "stat"
    },
    {
      "datasource": {
        "uid": "$datasource"
      },
      "description": "Percentage of free Memory available",
      "fieldConfig": {
        "defaults": {
          "color": {
            "fixedColor": "rgb(60, 193, 31)",
            "mode": "fixed"
          },
          "decimals": 1,
          "mappings": [
            {
              "options": {
                "match": "null",
                "result": {
                  "text": "N/A"
                }
              },
              "type": "special"
            }
          ],
          "thresholds": {
            "mode": "absolute",
            "steps": [
              {
                "color": "green"
              },
              {
                "color": "red",
                "value": 80
              }
            ]
          },
          "unit": "percent"
        },
        "overrides": []
      },
      "gridPos": {
        "h": 4,
        "w": 5,
        "x": 0,
        "y": 20
      },
      "id": 7,
      "links": [],
      "maxDataPoints": 100,
      "options": {
        "colorMode": "none",
        "graphMode": "area",
        "justifyMode": "auto",
        "orientation": "horizontal",
        "reduceOptions": {
          "calcs": [
            "lastNotNull"
          ],
          "fields": "",
          "values": false
        },
        "textMode": "auto"
      },
      "pluginVersion": "9.0.2",
      "targets": [
        {
          "datasource": {
            "uid": "$datasource"
          },
          "expr": "(vm_memory_total_max{job=\"jenkins\"} - vm_memory_total_used{job=\"jenkins\"}) / vm_memory_total_max{job=\"jenkins\"} * 100.0",
          "refId": "A",
          "textEditor": false
        }
      ],
      "title": "JVM free memory",
      "type": "stat"
    },
    {
      "datasource": {
        "uid": "$datasource"
      },
      "description": "The rate at which jobs are built and the time they spend building.",
      "fieldConfig": {
        "defaults": {
          "color": {
            "fixedColor": "rgb(151, 31, 193)",
            "mode": "fixed"
          },
          "mappings": [
            {
              "options": {
                "match": "null",
                "result": {
                  "text": "N/A"
                }
              },
              "type": "special"
            }
          ],
          "thresholds": {
            "mode": "absolute",
            "steps": [
              {
                "color": "rgba(50, 172, 45, 0.97)"
              },
              {
                "color": "rgba(237, 129, 40, 0.89)",
                "value": 6
              },
              {
                "color": "rgba(245, 54, 54, 0.9)",
                "value": 10
              }
            ]
          },
          "unit": "none"
        },
        "overrides": []
      },
      "gridPos": {
        "h": 4,
        "w": 5,
        "x": 5,
        "y": 23
      },
      "id": 12,
      "links": [],
      "maxDataPoints": 100,
      "options": {
        "colorMode": "none",
        "graphMode": "area",
        "justifyMode": "auto",
        "orientation": "horizontal",
        "reduceOptions": {
          "calcs": [
            "lastNotNull"
          ],
          "fields": "",
          "values": false
        },
        "textMode": "auto"
      },
      "pluginVersion": "9.0.2",
      "targets": [
        {
          "datasource": {
            "uid": "$datasource"
          },
          "expr": "rate(jenkins_job_building_duration_count[1m])",
          "refId": "A"
        }
      ],
      "title": "Processing speed",
      "type": "stat"
    },
    {
      "datasource": {
        "type": "prometheus",
        "uid": "${DS_PROMETHEUS}"
      },
      "description": "The number of plugins in the Jenkins instance that started successfully.",
      "fieldConfig": {
        "defaults": {
          "color": {
            "mode": "thresholds"
          },
          "mappings": [],
          "thresholds": {
            "mode": "absolute",
            "steps": [
              {
                "color": "green"
              }
            ]
          }
        },
        "overrides": []
      },
      "gridPos": {
        "h": 4,
        "w": 5,
        "x": 10,
        "y": 23
      },
      "id": 33,
      "options": {
        "colorMode": "value",
        "graphMode": "area",
        "justifyMode": "auto",
        "orientation": "auto",
        "reduceOptions": {
          "calcs": [
            "lastNotNull"
          ],
          "fields": "",
          "values": false
        },
        "textMode": "auto"
      },
      "pluginVersion": "9.0.2",
      "targets": [
        {
          "datasource": {
            "type": "prometheus",
            "uid": "${DS_PROMETHEUS}"
          },
          "expr": "jenkins_plugins_active",
          "refId": "A"
        }
      ],
      "title": "Active Plugins",
      "type": "stat"
    },
    {
      "datasource": {
        "uid": "$datasource"
      },
      "description": "The number of build nodes available to Jenkins but currently off-line.",
      "fieldConfig": {
        "defaults": {
          "color": {
            "mode": "thresholds"
          },
          "decimals": 1,
          "mappings": [
            {
              "options": {
                "0": {
                  "text": "None!"
                }
              },
              "type": "value"
            }
          ],
          "thresholds": {
            "mode": "absolute",
            "steps": [
              {
                "color": "rgba(245, 54, 54, 0.9)"
              },
              {
                "color": "rgba(237, 129, 40, 0.89)",
                "value": 0
              },
              {
                "color": "rgba(50, 172, 45, 0.97)",
                "value": 0
              }
            ]
          },
          "unit": "none"
        },
        "overrides": []
      },
      "gridPos": {
        "h": 4,
        "w": 5,
        "x": 15,
        "y": 23
      },
      "id": 10,
      "links": [],
      "maxDataPoints": 100,
      "options": {
        "colorMode": "value",
        "graphMode": "none",
        "justifyMode": "auto",
        "orientation": "horizontal",
        "reduceOptions": {
          "calcs": [
            "lastNotNull"
          ],
          "fields": "",
          "values": false
        },
        "textMode": "auto"
      },
      "pluginVersion": "9.0.2",
      "targets": [
        {
          "datasource": {
            "uid": "$datasource"
          },
          "expr": "jenkins_node_offline_value",
          "refId": "A",
          "textEditor": false
        }
      ],
      "title": "Jenkins nodes offline",
      "type": "stat"
    },
    {
      "datasource": {
        "uid": "$datasource"
      },
      "description": "The number of executors available to Jenkins that are not currently in use.",
      "fieldConfig": {
        "defaults": {
          "color": {
            "fixedColor": "rgb(31, 120, 193)",
            "mode": "fixed"
          },
          "mappings": [
            {
              "options": {
                "match": "null",
                "result": {
                  "text": "N/A"
                }
              },
              "type": "special"
            }
          ],
          "thresholds": {
            "mode": "absolute",
            "steps": [
              {
                "color": "green"
              },
              {
                "color": "red",
                "value": 80
              }
            ]
          },
          "unit": "none"
        },
        "overrides": []
      },
      "gridPos": {
        "h": 4,
        "w": 4,
        "x": 0,
        "y": 24
      },
      "id": 2,
      "links": [],
      "maxDataPoints": 100,
      "options": {
        "colorMode": "none",
        "graphMode": "area",
        "justifyMode": "auto",
        "orientation": "horizontal",
        "reduceOptions": {
          "calcs": [
            "lastNotNull"
          ],
          "fields": "",
          "values": false
        },
        "textMode": "auto"
      },
      "pluginVersion": "9.0.2",
      "targets": [
        {
          "datasource": {
            "uid": "$datasource"
          },
          "expr": "jenkins_executor_free_value",
          "refId": "A"
        }
      ],
      "title": "Executor free",
      "type": "stat"
    },
    {
      "datasource": {
        "type": "prometheus",
        "uid": "${DS_PROMETHEUS}"
      },
      "description": "Number of times the Pipeline was successfully build.",
      "fieldConfig": {
        "defaults": {
          "color": {
            "mode": "thresholds"
          },
          "custom": {
            "align": "center",
            "displayMode": "auto",
            "inspect": false
          },
          "mappings": [],
          "thresholds": {
            "mode": "absolute",
            "steps": [
              {
                "color": "green"
              }
            ]
          }
        },
        "overrides": [
          {
            "matcher": {
              "id": "byName",
              "options": "repo"
            },
            "properties": [
              {
                "id": "displayName",
                "value": "Time"
              },
              {
                "id": "custom.align"
              }
            ]
          },
          {
            "matcher": {
              "id": "byName",
              "options": "Time"
            },
            "properties": [
              {
                "id": "unit",
                "value": "short"
              },
              {
                "id": "decimals",
                "value": 2
              },
              {
                "id": "custom.align"
              }
            ]
          },
          {
            "matcher": {
              "id": "byName",
              "options": "__name__"
            },
            "properties": [
              {
                "id": "unit",
                "value": "short"
              },
              {
                "id": "decimals",
                "value": 2
              },
              {
                "id": "custom.align"
              }
            ]
          },
          {
            "matcher": {
              "id": "byName",
              "options": "job"
            },
            "properties": [
              {
                "id": "unit",
                "value": "short"
              },
              {
                "id": "decimals",
                "value": 2
              },
              {
                "id": "custom.align"
              }
            ]
          },
          {
            "matcher": {
              "id": "byName",
              "options": "instance"
            },
            "properties": [
              {
                "id": "unit",
                "value": "short"
              },
              {
                "id": "decimals",
                "value": 2
              },
              {
                "id": "custom.align"
              }
            ]
          },
          {
            "matcher": {
              "id": "byName",
              "options": "jenkins_job"
            },
            "properties": [
              {
                "id": "displayName",
                "value": "Jenkins Pipelines"
              },
              {
                "id": "unit",
                "value": "short"
              },
              {
                "id": "decimals",
                "value": 2
              },
              {
                "id": "custom.displayMode",
                "value": "auto"
              },
              {
                "id": "custom.align",
                "value": "center"
              },
              {
                "id": "thresholds",
                "value": {
                  "mode": "absolute",
                  "steps": [
                    {
                      "color": "rgba(245, 54, 54, 0.9)"
                    }
                  ]
                }
              }
            ]
          },
          {
            "matcher": {
              "id": "byName",
              "options": "Value"
            },
            "properties": [
              {
                "id": "displayName",
                "value": "Total Builds"
              },
              {
                "id": "unit",
                "value": "short"
              },
              {
                "id": "decimals",
                "value": 2
              },
              {
                "id": "custom.align",
                "value": "center"
              }
            ]
          },
          {
            "matcher": {
              "id": "byName",
              "options": "Jenkins Pipelines"
            },
            "properties": [
              {
                "id": "custom.width",
                "value": 655
              }
            ]
          }
        ]
      },
      "gridPos": {
        "h": 9,
        "w": 20,
        "x": 4,
        "y": 27
      },
      "id": 43,
      "interval": "1s",
      "libraryPanel": {
        "description": "Number of times the Pipeline was successfully build.",
        "meta": {
          "connectedDashboards": 1,
          "created": "2022-07-21T11:19:00Z",
          "createdBy": {
            "avatarUrl": "/avatar/46d229b033af06a191ff2267bca9ae56",
            "id": 1,
            "name": "admin"
          },
          "folderName": "General",
          "folderUid": "",
          "updated": "2022-07-23T09:57:51Z",
          "updatedBy": {
            "avatarUrl": "/avatar/46d229b033af06a191ff2267bca9ae56",
            "id": 1,
            "name": "admin"
          }
        },
        "name": "Jenkins Pipelines1",
        "type": "table",
        "uid": "qtNe6bg4k",
        "version": 3
      },
      "links": [],
      "options": {
        "footer": {
          "fields": "",
          "reducer": [
            "sum"
          ],
          "show": false
        },
        "showHeader": true,
        "sortBy": []
      },
      "pluginVersion": "9.0.2",
      "targets": [
        {
          "datasource": {
            "type": "prometheus",
            "uid": "${DS_PROMETHEUS}"
          },
          "expr": "default_jenkins_builds_success_build_count",
          "format": "table",
          "instant": true,
          "interval": "",
          "intervalFactor": 1,
          "legendFormat": "",
          "refId": "A"
        }
      ],
      "title": "Jenkins Pipelines",
      "transformations": [
        {
          "id": "organize",
          "options": {
            "excludeByName": {
              "Time": true,
              "__name__": true,
              "instance": true,
              "job": true,
              "repo": true
            },
            "indexByName": {},
            "renameByName": {}
          }
        }
      ],
      "type": "table"
    },
    {
      "datasource": {
        "uid": "$datasource"
      },
      "description": "The number of days since the Jenkins JVM started (After setting up Alerts)",
      "fieldConfig": {
        "defaults": {
          "color": {
            "mode": "thresholds"
          },
          "decimals": 1,
          "mappings": [
            {
              "options": {
                "match": "null",
                "result": {
                  "text": "N/A"
                }
              },
              "type": "special"
            }
          ],
          "thresholds": {
            "mode": "absolute",
            "steps": [
              {
                "color": "green"
              },
              {
                "color": "red",
                "value": 80
              }
            ]
          },
          "unit": "ms"
        },
        "overrides": []
      },
      "gridPos": {
        "h": 4,
        "w": 4,
        "x": 0,
        "y": 28
      },
      "id": 6,
      "links": [],
      "maxDataPoints": 100,
      "options": {
        "colorMode": "none",
        "graphMode": "none",
        "justifyMode": "auto",
        "orientation": "horizontal",
        "reduceOptions": {
          "calcs": [
            "lastNotNull"
          ],
          "fields": "",
          "values": false
        },
        "textMode": "auto"
      },
      "pluginVersion": "9.0.2",
      "targets": [
        {
          "datasource": {
            "uid": "$datasource"
          },
          "expr": "vm_uptime_milliseconds{job=\"jenkins\"}",
          "refId": "A",
          "textEditor": false
        }
      ],
      "title": "JVM uptime",
      "type": "stat"
    },
    {
      "datasource": {
        "type": "prometheus",
        "uid": "${DS_PROMETHEUS}"
      },
      "description": "The number of jobs that are in the Jenkins build queue and currently in the buildable state.",
      "fieldConfig": {
        "defaults": {
          "color": {
            "mode": "thresholds"
          },
          "mappings": [],
          "thresholds": {
            "mode": "absolute",
            "steps": [
              {
                "color": "green"
              },
              {
                "color": "red",
                "value": 80
              }
            ]
          },
          "unit": "none"
        },
        "overrides": []
      },
      "gridPos": {
        "h": 4,
        "w": 4,
        "x": 0,
        "y": 32
      },
      "id": 31,
      "libraryPanel": {
        "description": "The number of jobs that are in the Jenkins build queue and currently in the buildable state.",
        "meta": {
          "connectedDashboards": 1,
          "created": "2022-07-20T10:36:15Z",
          "createdBy": {
            "avatarUrl": "/avatar/46d229b033af06a191ff2267bca9ae56",
            "id": 1,
            "name": "admin"
          },
          "folderName": "General",
          "folderUid": "",
          "updated": "2022-07-20T10:36:15Z",
          "updatedBy": {
            "avatarUrl": "/avatar/46d229b033af06a191ff2267bca9ae56",
            "id": 1,
            "name": "admin"
          }
        },
        "name": "Jobs Buildingc",
        "type": "gauge",
        "uid": "oWvMKARVz",
        "version": 1
      },
      "options": {
        "orientation": "auto",
        "reduceOptions": {
          "calcs": [
            "lastNotNull"
          ],
          "fields": "",
          "values": false
        },
        "showThresholdLabels": false,
        "showThresholdMarkers": true
      },
      "pluginVersion": "9.0.2",
      "targets": [
        {
          "datasource": {
            "type": "prometheus",
            "uid": "${DS_PROMETHEUS}"
          },
          "editorMode": "code",
          "expr": "jenkins_queue_buildable_value",
          "range": true,
          "refId": "A"
        }
      ],
      "title": "Jobs Building",
      "type": "gauge"
    },
    {
      "datasource": {
        "type": "prometheus",
        "uid": "${DS_PROMETHEUS}"
      },
      "description": "Time taken by the build.",
      "fieldConfig": {
        "defaults": {
          "color": {
            "mode": "thresholds"
          },
          "custom": {
            "align": "center",
            "displayMode": "auto",
            "inspect": false
          },
          "mappings": [],
          "thresholds": {
            "mode": "absolute",
            "steps": [
              {
                "color": "green"
              },
              {
                "color": "red",
                "value": 80
              }
            ]
          },
          "unit": "ms"
        },
        "overrides": [
          {
            "matcher": {
              "id": "byName",
              "options": "jenkins_job"
            },
            "properties": [
              {
                "id": "custom.width",
                "value": 517
              }
            ]
          }
        ]
      },
      "gridPos": {
        "h": 8,
        "w": 12,
        "x": 0,
        "y": 36
      },
      "id": 25,
      "options": {
        "footer": {
          "fields": "",
          "reducer": [
            "sum"
          ],
          "show": false
        },
        "showHeader": true,
        "sortBy": []
      },
      "pluginVersion": "9.0.2",
      "targets": [
        {
          "datasource": {
            "type": "prometheus",
            "uid": "${DS_PROMETHEUS}"
          },
          "editorMode": "code",
          "expr": "default_jenkins_builds_last_build_duration_milliseconds",
          "format": "table",
          "range": true,
          "refId": "A"
        }
      ],
      "title": "Last Build Duration",
      "transformations": [
        {
          "id": "organize",
          "options": {
            "excludeByName": {
              "Time": true,
              "__name__": true,
              "instance": true,
              "job": true,
              "repo": true
            },
            "indexByName": {},
            "renameByName": {
              "Value": "Last Build Time"
            }
          }
        }
      ],
      "type": "table"
    },
    {
      "datasource": {
        "type": "prometheus",
        "uid": "${DS_PROMETHEUS}"
      },
      "description": "Jobs for which Builds that got failed.",
      "fieldConfig": {
        "defaults": {
          "color": {
            "mode": "thresholds"
          },
          "custom": {
            "align": "center",
            "displayMode": "color-text",
            "filterable": true,
            "inspect": false
          },
          "mappings": [
            {
              "options": {
                "0": {
                  "color": "dark-green",
                  "index": 2,
                  "text": "The build had no errors"
                },
                "1": {
                  "color": "yellow",
                  "index": 3,
                  "text": "Few Test Cases Failed"
                },
                "2": {
                  "color": "dark-red",
                  "index": 4,
                  "text": "All Test Cases Failed"
                },
                "3": {
                  "color": "dark-orange",
                  "index": 5,
                  "text": "Job was not built"
                },
                "4": {
                  "color": "dark-red",
                  "index": 1,
                  "text": "Manually Aborted"
                },
                "-1": {
                  "color": "dark-green",
                  "index": 0,
                  "text": "The build had no errors"
                }
              },
              "type": "value"
            }
          ],
          "thresholds": {
            "mode": "absolute",
            "steps": [
              {
                "color": "green"
              }
            ]
          }
        },
        "overrides": [
          {
            "matcher": {
              "id": "byName",
              "options": "jenkins_job"
            },
            "properties": [
              {
                "id": "custom.width",
                "value": 517
              }
            ]
          }
        ]
      },
      "gridPos": {
        "h": 8,
        "w": 12,
        "x": 12,
        "y": 36
      },
      "id": 27,
      "options": {
        "footer": {
          "fields": "",
          "reducer": [
            "sum"
          ],
          "show": false
        },
        "showHeader": true,
        "sortBy": [
          {
            "desc": true,
            "displayName": "Last Build Ordinal"
          }
        ]
      },
      "pluginVersion": "9.0.2",
      "targets": [
        {
          "datasource": {
            "type": "prometheus",
            "uid": "${DS_PROMETHEUS}"
          },
          "editorMode": "code",
          "expr": "default_jenkins_builds_last_build_result_ordinal",
          "format": "table",
          "range": true,
          "refId": "A"
        }
      ],
      "title": "Build Ordinal",
      "transformations": [
        {
          "id": "organize",
          "options": {
            "excludeByName": {
              "Time": true,
              "Value": false,
              "__name__": true,
              "instance": true,
              "job": true,
              "repo": true
            },
            "indexByName": {},
            "renameByName": {
              "Value": "Last Build Ordinal"
            }
          }
        },
        {
          "id": "groupBy",
          "options": {
            "fields": {
              "Last Build Ordinal": {
                "aggregations": [
                  "first"
                ]
              },
              "jenkins_job": {
                "aggregations": []
              }
            }
          }
        }
      ],
      "type": "table"
    },
    {
      "aliasColors": {},
      "bars": false,
      "dashLength": 10,
      "dashes": false,
      "datasource": {
        "uid": "$datasource"
      },
      "description": "The rate of CPU time usage by the JVM per unit time on the Jenkins controller. This is equivalent to the number of CPU cores being used by the Jenkins JVM",
      "editable": true,
      "error": false,
      "fill": 1,
      "fillGradient": 0,
      "grid": {},
      "gridPos": {
        "h": 7,
        "w": 24,
        "x": 0,
        "y": 44
      },
      "hiddenSeries": false,
      "id": 5,
      "isNew": true,
      "legend": {
        "avg": false,
        "current": false,
        "max": false,
        "min": false,
        "show": true,
        "total": false,
        "values": false
      },
      "lines": true,
      "linewidth": 2,
      "links": [],
      "nullPointMode": "connected",
      "options": {
        "alertThreshold": true
      },
      "percentage": false,
      "pluginVersion": "9.0.2",
      "pointradius": 5,
      "points": false,
      "renderer": "flot",
      "seriesOverrides": [],
      "spaceLength": 10,
      "stack": false,
      "steppedLine": false,
      "targets": [
        {
          "datasource": {
            "uid": "$datasource"
          },
          "expr": "vm_cpu_load{job=\"jenkins\"}",
          "refId": "A"
        }
      ],
      "thresholds": [],
      "timeRegions": [],
      "title": "Resource usage",
      "tooltip": {
        "msResolution": false,
        "shared": true,
        "sort": 0,
        "value_type": "individual"
      },
      "type": "graph",
      "xaxis": {
        "mode": "time",
        "show": true,
        "values": []
      },
      "yaxes": [
        {
          "format": "percent",
          "label": "",
          "logBase": 2,
          "show": true
        },
        {
          "format": "short",
          "label": "",
          "logBase": 1,
          "show": true
        }
      ],
      "yaxis": {
        "align": false
      }
    }
  ],
  "refresh": false,
  "schemaVersion": 36,
  "style": "dark",
  "tags": [],
  "templating": {
    "list": [
      {
        "current": {
          "selected": false,
          "text": "Prometheus",
          "value": "Prometheus"
        },
        "hide": 0,
        "includeAll": false,
        "multi": false,
        "name": "datasource",
        "options": [],
        "query": "prometheus",
        "queryValue": "",
        "refresh": 1,
        "regex": "",
        "skipUrlSync": false,
        "type": "datasource"
      }
    ]
  },
  "time": {
    "from": "now-3h",
    "to": "now"
  },
  "timepicker": {
    "refresh_intervals": [
      "5s",
      "10s",
      "30s",
      "1m",
      "5m",
      "15m",
      "30m",
      "1h",
      "2h",
      "1d"
    ],
    "time_options": [
      "5m",
      "15m",
      "1h",
      "6h",
      "12h",
      "24h",
      "2d",
      "7d",
      "30d"
    ]
  },
  "timezone": "browser",
  "title": "Jenkins Dashboard",
  "uid": "-y-jaPEmk",
  "version": 9,
  "weekStart": ""
}